Credit_Score,Income,Spending_Score,Transaction_Amount,Sentiment,Utility_Payments,Transaction_Time,Fraud_Status,Default_Risk
0.43286074094635973,0.07299082285068836,-0.4320072433395066,0.4034730856227418,0,0,-1.639017136661817,0,0
0.43286074094635973,-0.13441195378345122,-0.4616346880682699,-0.3160226510677734,0,1,-1.639017136661817,0,1
0.43286074094635973,-0.3937473372051281,-0.46788785847851255,1.5250500510593141,0,1,-1.6316131555116609,0,0
0.43286074094635973,-0.4620624697931504,-0.46788785847851255,0.2755670851983475,0,1,-1.6316131555116609,0,0
0.43286074094635973,0.09772843680942066,-0.42521459915961457,0.013536071312078726,0,1,-1.6242091743615048,0,0
0.43286074094635973,0.0022183113925933404,-0.4395184552873595,-0.31122372762152883,0,1,-1.6242091743615048,0,0
0.43286074094635973,-0.5030187842943628,-0.44215579179765346,-0.3047598715510771,0,0,-1.609401212061193,0,0
-2.310211819657538,-0.38784962791695354,-0.43935526094291183,-0.1294032913367754,0,1,-1.5871892686107247,0,1
0.43286074094635973,-0.22893912765224944,-0.45361026649862196,0.12719220721752256,0,1,-1.5871892686107247,0,0
0.43286074094635973,1.2184570268205968,-0.44873111594225773,-0.3111747590149345,0,1,-1.5723813063104128,0,1
0.43286074094635973,-0.3609822856041582,-0.43273052899541303,-0.2909996930980699,0,0,-1.5649773251602568,0,0
0.43286074094635973,-0.4756599662075529,-0.45704425739468457,-0.28027556825391126,0,1,-1.5649773251602568,0,0
0.43286074094635973,-0.38178809337077413,-0.45904742803790205,0.26577336387948114,0,1,-1.5649773251602568,0,0
0.43286074094635973,-0.5816549081366906,-0.4253423164726606,-0.1945315381072365,0,1,-1.5575733440101007,0,1
0.43286074094635973,-0.6724141010713773,-0.45333380569475673,-0.04125979946697839,0,1,-1.5501693628599447,0,0
0.43286074094635973,-0.07428808409567142,0.38264309878709873,-0.25089440429731225,0,0,-1.5501693628599447,0,0
,-0.29610748343423776,-0.46275085862899745,-0.2655849862756117,0,0,-1.5501693628599447,0,0
-2.310211819657538,-0.31019645562265485,-0.4642589482277226,-0.32483700025475304,0,1,-1.5427653817097888,0,1
0.43286074094635973,-0.08460907534997694,-0.4660651934851178,-0.10002212738017639,0,1,-1.5353614005596328,0,1
0.43286074094635973,-0.45927744040706797,0.33129004011008334,-0.3047109029444827,0,1,-1.5279574194094767,0,0
-2.310211819657538,0.369678365097471,-0.46345813318486817,0.8054563771556105,0,1,-1.5205534382593207,0,1
0.43286074094635973,0.09035630019920242,-0.43400157258641664,-0.16226122636157192,0,1,-1.5131494571091646,0,0
-2.310211819657538,-0.45927744040706797,-0.46460238818092525,-0.31803036393814094,0,1,-1.5057454759590088,0,1
-2.310211819657538,-0.33395111803335803,-0.4541598818699181,-0.21779162623954404,0,1,-1.5057454759590088,0,1
,-0.27628462721565095,0.6893130592499034,-0.32483700025475304,0,1,-1.4761295513583845,0,1
0.43286074094635973,0.6809463553066852,-0.4460439258443815,-0.19977117901282998,0,1,-1.4761295513583845,0,0
0.43286074094635973,-0.4266762140641029,-0.4333492409933135,-0.12411468182458754,0,1,-1.4687255702082287,0,0
0.43286074094635973,-0.19289757089118253,-0.4388075030078147,-0.25084543569071793,0,1,-1.4687255702082287,0,0
0.43286074094635973,-0.6489870891766838,-0.4354904934435677,-0.16759880448035408,0,1,-1.4687255702082287,0,1
0.43286074094635973,-0.2708783937014909,-0.43170678445994976,-0.2655849862756117,0,1,-1.4687255702082287,0,0
,-0.2027270863714735,-0.455747952671374,-0.24457745404664344,0,1,-1.4613215890580726,0,1
0.43286074094635973,-0.36638851911831827,-0.45293237658342006,-0.307404176307171,0,1,-1.4539176079079166,0,1
0.43286074094635973,-0.11655500066092261,-0.4466961459913127,-0.29912848179272894,0,1,-1.4465136267577605,0,1
0.43286074094635973,-0.3118347082027033,-0.4488421534782364,-0.29912848179272894,0,1,-1.4465136267577605,0,0
0.43286074094635973,1.162592613840943,-0.4498699100758896,-0.3205277628744519,0,1,-1.4465136267577605,0,1
0.43286074094635973,-0.512520649258644,-0.3786095560433111,-0.3205277628744519,0,1,-1.4465136267577605,0,0
-2.310211819657538,-0.5857505395868119,-0.4365996428954629,-0.17988992473553136,0,1,-1.4391096456076045,0,1
0.43286074094635973,-0.28447589011589347,-0.45819048127311257,-0.3203808570546689,0,1,-1.4391096456076045,0,0
0.43286074094635973,-0.2027270863714735,-0.4410198952644921,-0.22866265690348567,0,1,-1.4243016833072926,0,0
0.43286074094635973,-0.2712060442175006,-0.45631904000513107,-0.29716973752895565,0,1,-1.4243016833072926,0,0
0.43286074094635973,-0.2954521824022184,-0.46230139621755356,-0.18282804113119122,0,1,-1.4020897398568244,0,1
0.43286074094635973,-0.5903376468109477,-0.4471678233396971,-0.31768758369198064,0,0,-1.4020897398568244,0,0
,-0.4920424920080379,-0.05838369186139119,-0.2567216684820377,0,1,-1.3946857587066686,0,0
0.43286074094635973,-0.23958776942256466,-0.4394970947710705,-0.28463377424080677,0,1,-1.3946857587066686,0,0
0.43286074094635973,-0.11606352488690806,-0.4496646262271717,-0.25089440429731225,0,1,-1.3872817775565125,0,0
0.43286074094635973,-0.3265789814231398,-0.44894022610954576,-0.2246961997693448,0,1,-1.3872817775565125,0,0
0.43286074094635973,0.04022577124971845,-0.41701275528423426,-0.23639969674539005,0,1,-1.3872817775565125,0,0
0.43286074094635973,0.06840371562655258,-0.256983779309471,-0.28027556825391126,0,0,-1.3872817775565125,0,0
-2.310211819657538,-0.45190530379684973,-0.44869723630598723,-0.17788221186516373,0,1,-1.3798777964063564,0,1
0.43286074094635973,-0.22992207920027855,-0.4603725230222977,-0.23018068370790995,0,1,-1.3798777964063564,0,0
0.43286074094635973,-0.5693680137863268,-0.4587475263892049,-0.32434731418880974,0,1,-1.3798777964063564,0,0
0.43286074094635973,-0.3796583650167111,-0.382147489069072,6.540855455910112,0,1,-1.3724738152562004,0,0
0.43286074094635973,-0.19224226985916312,-0.45990222017670057,-0.29006928957277756,0,1,-1.3724738152562004,0,1
0.43286074094635973,-0.1290057202692912,-0.46256206881372697,-0.3189607674634332,0,1,-1.3724738152562004,0,1
-2.310211819657538,0.9987673558360934,-0.4345145221671437,-0.32434731418880974,0,1,-1.3650698341060443,0,1
0.43286074094635973,-0.4415843125425442,-0.4575234759340371,-0.22263951829238285,0,1,-1.3576658529558885,0,0
0.43286074094635973,-0.5359476611533376,-0.4684166334156555,0.26312905912338724,0,1,-1.3502618718057324,0,0
0.43286074094635973,-0.3337872927753532,-0.46019272319823057,-0.2614226547150935,0,1,-1.3502618718057324,0,1
0.43286074094635973,0.4384849734595078,-0.23596911764076367,-0.2614226547150935,0,1,-1.3428578906555764,0,0
0.43286074094635973,-0.3352617200973968,-0.4480202379601609,-0.316120588280962,0,1,-1.3354539095054203,0,0
0.43286074094635973,-0.4756599662075529,-0.16044758207524173,0.49861908823552825,0,1,-1.3354539095054203,0,0
0.43286074094635973,-0.38899640472298747,-0.4518053585952901,0.14550646608380258,0,1,-1.3354539095054203,0,0
-2.310211819657538,-0.4578030130850243,-0.4361378099589334,-0.16206535193519458,0,1,-1.3354539095054203,0,1
-2.310211819657538,-0.07510721038569566,-0.45890358817864835,-0.16999826620347633,0,1,-1.3280499283552643,0,1
-2.310211819657538,-0.2027270863714735,-0.450452142026841,0.8639738620358367,0,1,-1.3280499283552643,0,1
0.43286074094635973,0.052840316116091864,-0.44463357453844987,-0.22366785903086384,0,1,-1.3132419660549524,0,1
-2.310211819657538,-0.3609822856041582,-0.4503197068258494,-0.035873252741601906,0,1,-1.3132419660549524,0,1
0.43286074094635973,0.8758984123324562,-0.4446192351309933,-0.3255225607470737,0,0,-1.3132419660549524,0,0
0.43286074094635973,0.2779362206147552,-0.4494299205890609,-0.10535970549895853,0,1,-1.3132419660549524,0,0
-2.310211819657538,-0.18077450179882365,-0.44147080647617126,-0.15780508316148775,0,1,-1.2984340037546402,0,1
0.43286074094635973,-0.3596716835401194,-0.2922566413241508,0.0036444127800237484,0,0,-1.2984340037546402,0,0
0.43286074094635973,-0.5780507524605839,0.03990518217025299,-0.2731261516911388,0,1,-1.2984340037546402,0,0
0.43286074094635973,-0.3118347082027033,-0.11842115633829767,-0.31141960204790614,0,1,-1.2910300226044842,0,0
-2.310211819657538,-0.10623400940661709,-0.45742291433822097,-0.2231292043583262,0,1,-1.2836260414543283,0,1
0.43286074094635973,-0.02251930256613895,-0.4557287839297999,-0.19835108942159438,0,1,-1.2836260414543283,0,0
0.43286074094635973,-0.2708783937014909,-0.4525261181379659,-0.26465458275031944,0,1,-1.2762220603041723,0,1
0.43286074094635973,-0.2708783937014909,-0.46064073680943923,-0.0354325352822529,0,1,-1.2762220603041723,0,1
0.43286074094635973,-0.7213978532148273,-0.420316651348916,0.33437838171813977,0,1,-1.2762220603041723,0,1
-2.310211819657538,-0.36638851911831827,-0.3098891717154727,-0.2812549403857979,0,1,-1.2688180791540162,0,1
,-0.3391935262895132,-0.1789574167320946,-0.2567216684820377,0,0,-1.2688180791540162,0,0
0.43286074094635973,-0.25515116893302536,-0.40454757524991974,-0.3194994221359709,0,1,-1.2614140980038602,0,0
0.43286074094635973,-0.49286161829806213,-0.1759544996291054,-0.29653314564322936,0,1,-1.2540101168537041,0,0
0.43286074094635973,-0.6594719056889942,0.3658247569792644,-0.3220457896788762,0,1,-1.2540101168537041,0,1
,0.09772843680942066,-0.0009598630088789206,0.1074578587600069,0,1,-1.2466061357035483,0,1
0.43286074094635973,-0.23188798229633673,0.9425571736837349,-0.29232184547611684,0,1,-1.2392021545533922,0,0
0.43286074094635973,-0.4976125507802028,5.124648256000025,0.6502258942515791,0,1,-1.2317981734032362,0,0
,-0.3391935262895132,1.5895793225606134,-0.32547359214047933,0,1,-1.2317981734032362,0,0
0.43286074094635973,-0.4756599662075529,0.07954353933481427,-0.23018068370790995,0,1,-1.22439419225308,0,0
0.43286074094635973,0.5181040488498647,2.3603425336635238,-0.27611323669339305,0,1,-1.22439419225308,0,0
0.43286074094635973,0.047761733117941525,4.8401836109582375,5.263117604044216,0,1,-1.2021822488026122,0,0
0.43286074094635973,-0.4006279980413318,0.864454544776026,0.40484420660738313,0,0,-1.2021822488026122,0,0
0.43286074094635973,0.13868475131063304,0.8976524276640333,0.10858413671167653,0,1,-1.194778267652456,0,0
0.43286074094635973,-0.3490230417698042,0.3104897637274693,-0.19835108942159438,0,1,-1.194778267652456,0,0
0.43286074094635973,-0.20813331988563355,1.700362278333829,-0.2998630108916439,0,1,-1.179970305352144,0,0
0.43286074094635973,-0.2921756772421214,5.93917504147067,-0.1592741413593177,0,1,-1.165162343051832,0,0
,0.22583978856921302,2.171022903291607,-0.059916838579418735,0,1,-1.165162343051832,0,1
0.43286074094635973,-0.4782811703356305,1.6908737512546494,-0.29222390826292816,0,1,-1.165162343051832,0,0
0.43286074094635973,-0.5613405761440893,-0.42399448646918864,-0.23199252215190022,0,1,-1.142950399601364,0,0
0.43286074094635973,-0.19912293069536682,-0.4578796207508411,-0.19071198679287862,0,1,-1.142950399601364,0,0
0.43286074094635973,-0.5970544823891465,-0.43666071539768736,-0.25089440429731225,0,1,-1.1355464184512079,0,0
0.43286074094635973,-0.18274040489488186,-0.4653218103695377,-0.3160226510677734,0,1,-1.1355464184512079,0,0
0.43286074094635973,-0.09181738670219032,-0.4647140200964876,-0.21970140189672296,0,1,-1.1355464184512079,0,0
0.43286074094635973,1.35099166054652,-0.46460937214103365,-0.3253756549272907,0,1,-1.128142437301052,0,0
0.43286074094635973,-0.1231080109811166,-0.4647714520237619,0.496219626512406,0,1,-1.128142437301052,0,0
0.43286074094635973,-0.26006592667317086,-0.45348017166724114,-0.32547359214047933,0,1,-1.128142437301052,0,0
0.43286074094635973,-0.38522842378887595,-0.4615895152199092,-0.28282193579681647,0,1,-1.128142437301052,0,0
0.43286074094635973,0.9851698594216909,-0.36304078586401933,-0.22244364386600557,0,0,-1.120738456150896,0,0
0.43286074094635973,0.31610750572988516,-0.18843992571798945,-0.2582886638930563,0,1,-1.11333447500074,0,1
-2.310211819657538,-0.26268713080124845,-0.28243815927857335,-0.32429834558221543,0,1,-1.0985265127004278,0,1
0.43286074094635973,-0.5459410018916334,-0.4160994910538899,-0.32429834558221543,0,1,-1.0985265127004278,0,0
0.43286074094635973,-0.014328039665896469,-0.1777120800580857,0.016523156314332953,0,1,-1.0985265127004278,0,0
0.43286074094635973,-0.40537893052347246,0.1858141510522523,-0.2323842710046549,0,1,-1.0985265127004278,0,0
-2.310211819657538,-0.3000392896263542,0.31984098912281606,-0.3234169106635174,0,0,-1.091122531550272,0,1
0.43286074094635973,0.33543888617445744,-0.15122236515163795,-0.3234169106635174,0,0,-1.091122531550272,0,0
0.43286074094635973,-0.05790555829518646,-0.42528755925351286,-0.3234169106635174,0,1,-1.091122531550272,0,0
0.43286074094635973,1.5038406262650446,-0.44565590742240185,-0.3234169106635174,0,1,-1.091122531550272,0,0
0.43286074094635973,-0.36638851911831827,-0.45479356480358285,0.06808709905816421,0,1,-1.0837185504001159,0,0
,-0.5225139899969399,1.0909483831534084,-0.08435217326999024,0,1,-1.0763145692499598,0,0
0.43286074094635973,0.02695592535132563,0.7774692844772644,0.09404046055316004,0,1,-1.0763145692499598,0,1
0.43286074094635973,0.8198701740947977,-0.45603262334323896,-0.27126534464055424,0,1,-1.0689105880998038,0,0
0.43286074094635973,0.04317462589380574,-0.4661031223323022,-0.08459701630296189,0,1,-1.0689105880998038,0,0
0.43286074094635973,-0.2027270863714735,-0.46534807451739213,-0.2845358370276181,0,0,-1.0689105880998038,0,0
-2.310211819657538,-0.5351285348633134,-0.46408962434381806,0.18468135135926791,0,1,-1.0615066069496477,0,0
0.43286074094635973,-0.40079182329933666,0.7601599479845755,-0.30627789835550134,0,1,-1.0615066069496477,0,0
0.43286074094635973,-0.18077450179882365,-0.461444672345108,-0.021084733550113727,0,1,-1.0615066069496477,0,0
,-0.2803802586657722,-0.46852781954653,-0.2395336875674273,0,1,-1.0615066069496477,0,0
0.43286074094635973,3.014309505069758,-0.45719719869131353,0.06255364651300474,0,1,-1.0541026257994919,0,0
0.43286074094635973,-0.25203848903093323,-0.449410194616627,-0.16999826620347633,0,1,-1.0466986446493358,0,0
-2.310211819657538,0.8370718261853068,-0.44919369185326685,-0.13356562289729357,0,1,-1.0466986446493358,0,1
,0.11083445744980862,-0.4485268722578112,0.007414995487787267,0,1,-1.0392946634991798,0,1
,2.4184770417061197,-0.46846693278792545,0.057656785853571584,0,0,-1.0318906823490237,0,0
0.43286074094635973,-0.5552790415979099,-0.4048468825190331,-0.3003037283509929,0,1,-1.0318906823490237,0,0
0.43286074094635973,-0.4399460599624957,2.0557038654279904,-0.29153834777060755,0,1,-1.0244867011988676,0,0
0.43286074094635973,-0.31855154378090217,0.19139764141529272,0.062112929053655744,0,1,-1.0244867011988676,0,0
0.43286074094635973,-0.08329847328593815,-0.44833923405298415,2.3747533126841573,0,1,-1.0244867011988676,0,0
0.43286074094635973,-0.22992207920027855,-0.467650589578447,0.00036351613820351865,0,0,-1.0170827200487118,0,1
0.43286074094635973,-0.13441195378345122,-0.4377952745767854,-0.22161117755390192,0,1,-1.0170827200487118,0,1
0.43286074094635973,-0.34197855567559565,-0.46419308354010463,-0.3047598715510771,0,1,-1.0170827200487118,0,0
-2.310211819657538,1.571991933595062,-0.4644822863562953,-0.2704818469350449,0,1,-1.0096787388985557,0,1
0.43286074094635973,-0.19715702759930862,0.2186421069468587,0.2812964121698843,0,1,-1.0096787388985557,0,1
0.43286074094635973,-0.05921616035922526,-0.46217702228966584,4.173957856173091,0,1,-0.9948707765982436,0,1
0.43286074094635973,0.0022183113925933404,-0.4549217650500407,-0.17788221186516373,0,1,-0.9874667954480877,0,0
0.43286074094635973,0.25336243191402774,-0.45526004133061,1.9203736120953538,0,0,-0.9800628142979316,0,0
0.43286074094635973,-0.4432225651225927,-0.43679474799381013,-0.14737476995689508,0,0,-0.9800628142979316,0,0
0.43286074094635973,1.0408704471433399,-0.43232705670425736,-0.3194994221359709,0,1,-0.9652548519976196,0,0
0.43286074094635973,-0.5035102600683774,-0.45731540593102055,-0.25138409036325554,0,1,-0.9652548519976196,0,0
0.43286074094635973,1.550203174280417,1.2669428033821306,-0.28536830333972174,0,1,-0.9578508708474636,0,0
0.43286074094635973,-0.6332598644082182,-0.4541614421163253,0.9869830018007978,0,1,-0.9578508708474636,0,0
0.43286074094635973,0.753029468828819,-0.46057739823505195,-0.31455359286994344,0,1,-0.9578508708474636,0,1
0.43286074094635973,-0.08903235731610788,-0.46682551641883313,1.2497485447859815,0,1,-0.9504468896973076,0,0
-2.310211819657538,0.143108033276764,0.1040491408934467,4.262542065502238,0,1,-0.9504468896973076,0,1
0.43286074094635973,-0.4630454213411795,-0.1613925713158657,0.008688179259239915,0,1,-0.9356389273969956,0,0
0.43286074094635973,0.6163992036527745,-0.1570413412759928,-0.31803036393814094,0,1,-0.9356389273969956,0,1
0.43286074094635973,-0.511537697710615,-0.10038010142935874,-0.29388884088713546,0,1,-0.9356389273969956,0,1
0.43286074094635973,-0.35213572167189633,0.22882037438419037,-0.32287825599097975,0,1,-0.9356389273969956,0,0
-2.310211819657538,5.667623383716302,0.5765816529038938,-0.24203108650373822,0,1,-0.9208309650966835,0,0
,0.09772843680942066,0.22406845820746035,-0.25584023356333974,0,1,-0.9134269839465275,0,0
0.43286074094635973,0.6773421996305785,-0.16754466004815655,0.4494056386082249,0,1,-0.9134269839465275,0,0
0.43286074094635973,-0.39702384236522514,0.048011145189038776,0.36963577846605866,0,1,-0.9060230027963715,0,0
0.43286074094635973,-0.13441195378345122,0.10619069053349264,0.08405086480791635,0,0,-0.9060230027963715,0,0
0.43286074094635973,-0.5800166555566422,-0.2693248454569656,0.5666854514016492,0,1,-0.8986190216462155,0,0
0.43286074094635973,0.4144026605327949,0.6074358970933997,-0.2152452586966388,0,1,-0.8764070781957475,0,1
-2.310211819657538,-0.37916688924269654,0.5238635272154794,-0.28027556825391126,0,1,-0.8764070781957475,0,1
0.43286074094635973,-0.20256326111346865,-0.2905674145472951,-0.3086773600786236,0,0,-0.8764070781957475,0,0
0.43286074094635973,0.6421197691595358,0.25065903189951605,18.41618327249489,0,1,-0.8764070781957475,0,0
0.43286074094635973,-0.27792287979569946,0.8110810412991419,-0.15305512832183757,0,1,-0.8615991158954355,0,0
0.43286074094635973,-0.13441195378345122,0.16077579964301092,-0.32429834558221543,0,1,-0.8615991158954355,0,1
0.43286074094635973,-0.48565330694584874,-0.3727397976132744,-0.20887933983937568,0,1,-0.8541951347452794,0,0
-2.310211819657538,-0.5187460090628284,-0.04241802471508843,-0.32429834558221543,0,1,-0.8467911535951234,0,1
0.43286074094635973,0.42537895281911986,-0.13779265564788556,0.39764582143801636,0,1,-0.8393871724449674,0,0
0.43286074094635973,-0.5870611416508507,-0.4635764518707471,-0.2028562012282729,0,1,-0.8393871724449674,0,0
0.43286074094635973,7.594863718885352,-0.3034598792048371,0.21141821055977303,0,1,-0.8245792101446554,0,0
0.43286074094635973,-0.30823055252659665,-0.33954406935125786,-0.2608840000425559,0,1,-0.8245792101446554,0,1
0.43286074094635973,0.04989146147200457,-0.07486052544966998,-0.28027556825391126,0,1,-0.8171752289944993,0,0
0.43286074094635973,-0.17356619044661029,-0.2538606489356799,4.262542065502238,0,1,-0.8097712478443433,0,1
0.43286074094635973,-0.31232618397671785,-0.40942397680070935,-0.059916838579418735,0,1,-0.8097712478443433,0,0
0.43286074094635973,-0.5502004585997595,-0.3973755683007356,-0.17656005948711676,0,1,-0.8023672666941873,0,0
-2.310211819657538,0.01843701193507345,0.35128021426884765,-0.21225817369438457,0,0,-0.7949632855440313,0,1
0.43286074094635973,-0.2708783937014909,-0.43313322116336506,-0.3072083018807936,0,1,-0.7949632855440313,0,0
-2.310211819657538,-0.5030187842943628,-0.3579162679857618,0.3416747041006952,0,0,-0.7875593043938753,0,1
-2.310211819657538,0.1632585400113605,0.2389205180549903,-0.14365315585572588,0,1,-0.7727513420935632,0,1
,-0.5713339168823851,-0.25577566565689086,0.07376745742310672,0,1,-0.7727513420935632,0,1
0.43286074094635973,-0.13162692439736878,-0.052172053724559096,-0.3160226510677734,0,1,-0.7653473609434073,0,0
0.43286074094635973,4.659606571212462,-0.1702118269838071,-0.23125799305298525,0,0,-0.7653473609434073,0,1
0.43286074094635973,-0.2913565509520971,0.09546849147963407,-0.18233835506524793,0,0,-0.7431354174929392,0,0
0.43286074094635973,5.52804426389617,-0.3719567768092068,-0.13332077986432192,0,1,-0.7283274551926272,0,0
-2.310211819657538,-0.5284116992851144,-0.4568726674386172,0.45851379943477066,0,0,-0.7283274551926272,0,1
,-0.49482752139412034,0.6338383496472164,-0.2854662405529104,0,1,-0.7209234740424711,0,0
0.43286074094635973,-0.7748048873244083,0.24358844096679952,-0.2986387957267856,0,0,-0.7209234740424711,0,0
0.43286074094635973,0.6429388954495601,0.8892629455838259,0.7970827454279797,0,1,-0.7209234740424711,0,0
0.43286074094635973,-0.08493672586598665,0.2830776088558539,-0.11515342681782487,0,1,-0.7135194928923152,0,0
0.43286074094635973,1.0806799848385182,-0.2638488635011256,0.4814800759275122,0,1,-0.7135194928923152,0,1
0.43286074094635973,0.10313467032358069,0.16857227664231259,0.22415004827429924,0,1,-0.7135194928923152,0,1
0.43286074094635973,-0.25318526583696715,0.19431883132552422,-0.3216540408261215,0,1,-0.6987115305920031,0,0
0.43286074094635973,-0.19863145492135226,-0.13855008098113036,-0.2802265996473169,0,1,-0.6913075494418471,0,0
0.43286074094635973,-0.3732691799545219,0.31293779034035707,-0.2861028324386367,0,0,-0.6913075494418471,0,1
0.43286074094635973,0.47993276373473476,-0.3332012219213255,-0.2999609481048326,0,1,-0.6764995871415351,0,0
0.43286074094635973,-0.5728083442044287,-0.16137165658426453,-0.25118821593687823,0,1,-0.6764995871415351,0,0
,-0.3255960298751107,0.7899162987855523,-0.2802265996473169,0,0,-0.6690956059913791,0,0
0.43286074094635973,0.9168547268336686,0.22882750693919462,-0.31024435548964224,0,1,-0.661691624841223,0,1
0.43286074094635973,-0.45927744040706797,0.5381801996529978,-0.2802265996473169,0,1,-0.661691624841223,0,0
-2.310211819657538,-0.07871136606180236,0.7317338929893519,-0.15305512832183757,0,1,-0.6542876436910671,0,0
0.43286074094635973,-0.23123268126431734,-0.4285030042063963,-0.21965243329012862,0,1,-0.639479681390755,0,1
0.43286074094635973,-0.3118347082027033,-0.13436249107039303,-0.306816553028039,0,1,-0.639479681390755,0,0
0.43286074094635973,-0.24351957561468104,-0.08986563804000078,-0.21377620049880883,0,1,-0.639479681390755,0,0
0.43286074094635973,-0.1630813739342999,0.13733670080114374,-0.26068812561617855,0,1,-0.632075700240599,0,0
0.43286074094635973,-0.35377397425194484,0.03677629374424483,0.7778380830364073,0,1,-0.624671719090443,0,0
0.43286074094635973,-0.23401771065039978,-0.21256010926532096,0.39950662848860097,0,1,-0.617267737940287,0,0
0.43286074094635973,-0.4791002966256548,-0.1956506416375616,-0.04517728799452492,0,1,-0.6098637567901309,0,0
0.43286074094635973,-0.325268379359101,-0.07434809595107862,-0.32287825599097975,0,0,-0.6024597756399749,0,1
0.43286074094635973,0.753029468828819,1.401260553110188,-0.01089926337849275,0,1,-0.6024597756399749,0,1
-2.310211819657538,-0.3233024762630428,-0.20112131132587233,-0.27532973898788377,0,1,-0.6024597756399749,0,1
0.43286074094635973,0.3904841728640869,-0.12909547068694507,0.9307670414305053,0,1,-0.6024597756399749,0,0
0.43286074094635973,0.04907233518198032,-0.3691537941386823,0.4983742452025566,0,1,-0.6024597756399749,0,0
0.43286074094635973,-0.36540556757028914,0.008753859635072544,-0.28071628571326024,0,1,-0.5950557944898189,0,0
0.43286074094635973,-0.254495867901006,0.4709639300104187,-0.28027556825391126,0,1,-0.5876518133396629,0,0
0.43286074094635973,-0.8606493225189494,-0.22898946678435225,-0.30520058901042607,0,1,-0.5876518133396629,0,1
0.43286074094635973,-0.2746463746356025,0.16805642946111501,-0.13356562289729357,0,1,-0.5802478321895069,0,0
-2.310211819657538,-0.06609682119542894,-0.4518682513849896,-0.2539794265127551,0,1,-0.5728438510393509,0,1
,-0.1835595311849061,-0.4235304246092203,-0.28071628571326024,0,0,-0.5654398698891948,0,0
-2.310211819657538,-0.521367213190906,-0.46009706523398,-0.2998140422850496,0,0,-0.5654398698891948,0,1
0.43286074094635973,-0.22844765187823488,-0.43992809426669593,-0.2998140422850496,0,1,-0.5654398698891948,0,0
0.43286074094635973,-0.39849826968726876,-0.45365239315161626,-0.296190365397069,0,1,-0.5654398698891948,0,0
0.43286074094635973,0.35624469394107333,-0.44710630505278487,-0.296190365397069,0,1,-0.5654398698891948,0,0
0.43286074094635973,0.13868475131063304,-0.4505656685273263,0.505376755945546,0,1,-0.5506319075888828,0,0
0.43286074094635973,-0.3527910227039157,-0.4596526550489975,-0.32483700025475304,0,1,-0.5506319075888828,0,1
0.43286074094635973,-0.10951051456671408,-0.4522466111387342,-0.32483700025475304,0,1,-0.5284199641384147,0,1
0.43286074094635973,0.13868475131063304,-0.4518512372694064,2.681737507424023,0,1,-0.5136120018381027,0,0
0.43286074094635973,-0.10574253363260254,-0.4408737150356276,-0.21661637968128009,0,1,-0.5062080206879468,0,0
0.43286074094635973,0.1632585400113605,-0.45395779281146253,0.0197550843495589,0,1,-0.5062080206879468,0,0
0.43286074094635973,-0.4771343935295966,-0.20282710643362342,0.2960849313613724,0,0,-0.49880403953779073,0,0
0.43286074094635973,-0.2764484524736558,-0.2413604748033754,-0.3194994221359709,0,1,-0.49880403953779073,0,0
0.43286074094635973,-0.36278436344221154,-0.4224887743887982,-0.29761045498830463,0,0,-0.49140005838763473,0,0
0.43286074094635973,0.47993276373473476,-0.347074227148341,-0.32287825599097975,0,1,-0.49140005838763473,0,0
0.43286074094635973,-0.3683544222143764,-0.44282855518894604,0.5733451818984784,0,1,-0.48399607723747873,0,0
0.43286074094635973,0.015815807806995857,-0.4652407518538116,2.119235123474935,0,1,-0.48399607723747873,0,0
,0.056116821276188854,1.3154050969538549,-0.2802265996473169,0,1,-0.48399607723747873,0,1
,-0.3178962427488828,-0.45515546767260395,-0.32042982566126316,0,1,-0.46918811493716667,0,0
0.43286074094635973,-0.26072122770519024,-0.44646868435437814,-0.2802265996473169,0,1,-0.46918811493716667,0,0
0.43286074094635973,-0.3421423809336005,-0.445899677349164,-0.23125799305298525,0,1,-0.45438015263685466,0,0
0.43286074094635973,0.06807606511054287,-0.4671770547938636,3.0986072553615682,0,1,-0.45438015263685466,0,0
0.43286074094635973,-0.47402171362750445,-0.4513411481404258,-0.22146427173411892,0,1,-0.4395721903365426,0,1
0.43286074094635973,-0.3994812212352979,-0.46384990362796985,-0.31803036393814094,0,1,-0.4247642280362306,0,0
0.43286074094635973,0.13868475131063304,-0.4428830895157499,-0.009626079607040101,0,1,-0.4247642280362306,0,0
0.43286074094635973,-0.3272342824551592,-0.46188956546350224,-0.32434731418880974,0,1,-0.4247642280362306,0,0
0.43286074094635973,0.10591969970966313,-0.45667615068875866,-0.32429834558221543,0,1,-0.40255228458576253,0,1
0.43286074094635973,0.7043733672013787,-0.43042645368795096,-0.1127539650947026,0,1,-0.40255228458576253,0,0
0.43286074094635973,0.1973341936763692,-0.43501822171559956,-0.3026542214675208,0,1,-0.40255228458576253,0,0
0.43286074094635973,-0.4130787176497004,-0.4403251026798789,-0.11911988395196574,0,1,-0.39514830343560653,0,0
0.43286074094635973,-0.588863219488904,-0.460916120300309,1.4116877267934365,0,1,-0.3877443222854505,0,0
-2.310211819657538,-0.6119625808675878,-0.45435799601490784,-0.32483700025475304,0,1,-0.3729363599851385,0,1
0.43286074094635973,-0.32379395203705735,-0.4581363184335486,0.021860734433115123,0,1,-0.3729363599851385,0,1
0.43286074094635973,-0.4620624697931504,-0.4581363184335486,-0.31798139533154657,0,1,-0.36553237883498246,0,0
0.43286074094635973,-0.44928409966877214,-0.44353241206221056,-0.32287825599097975,0,1,-0.36553237883498246,0,0
-2.310211819657538,1.7769373313591288,-0.43452466376879045,-0.19213207638411428,0,1,-0.3137045107838904,0,1
0.43286074094635973,-0.3801498407907256,-0.4639573005889984,-0.21348238885924287,0,1,-0.3063005296337344,0,0
-2.310211819657538,0.10510057341963888,-0.4672043219572655,-0.09414589458885658,0,1,-0.3063005296337344,0,1
0.43286074094635973,-0.025140506694216542,-0.44910345760271747,1.230454913787815,0,1,-0.29889654848357833,0,1
0.43286074094635973,1.5202231520655296,-0.45883189114136536,-0.297512517775116,0,1,-0.29889654848357833,0,1
,-0.07740076399776356,-0.4672978624442492,0.7724515363110309,0,1,-0.2840885861832663,0,1
,0.11132593322382317,-0.4633837242907346,0.04213373756316843,0,1,-0.2840885861832663,0,0
0.43286074094635973,-0.5477430797296867,-0.4584135593606174,-0.3194994221359709,0,1,-0.2766846050331103,0,0
0.43286074094635973,-0.31494738810479544,-0.437486345788161,-0.3194994221359709,0,0,-0.2766846050331103,0,1
0.43286074094635973,0.29431874641524014,-0.4440468847406209,-0.30642480417528434,0,0,-0.2692806238829543,0,0
0.43286074094635973,-0.03890182836662391,-0.4525692849552316,-0.21500041566366712,0,1,-0.25447266158264226,0,0
0.43286074094635973,-0.2143586796898178,-0.45790919113512984,-0.28957960350683426,0,1,-0.24706868043248625,0,0
0.43286074094635973,-0.11393379653284502,-0.4576148246463059,0.07376745742310672,0,1,-0.23226071813217422,0,0
-2.310211819657538,-0.17536826828466362,-0.46667636429205017,0.16024601666869642,0,1,-0.23226071813217422,0,0
0.43286074094635973,-0.325268379359101,-0.4573381409500968,-0.23125799305298525,0,1,-0.23226071813217422,0,1
0.43286074094635973,-0.41406166919772946,-0.43531946071836003,0.29637874300093847,0,0,-0.23226071813217422,0,0
0.43286074094635973,-0.35492075105797877,0.5748653818559802,-0.22783019059138201,0,1,-0.23226071813217422,0,0
0.43286074094635973,0.9407732145023766,-0.46452998531788664,-0.32042982566126316,0,1,-0.2174527558318622,0,0
0.43286074094635973,-0.421106155291938,-0.4334298537243519,-0.14703198971073478,0,1,-0.21004877468170619,0,0
0.43286074094635973,-0.456000935246971,-0.44696807465085225,-0.32429834558221543,0,1,-0.20264479353155015,0,0
0.43286074094635973,-0.24630460500076348,0.11795520848480509,-0.1687250824320237,0,1,-0.20264479353155015,0,0
0.43286074094635973,-0.4347036517063405,-0.4584009287944639,-0.2998630108916439,0,1,-0.20264479353155015,0,0
0.43286074094635973,-0.23106885600631247,-0.08907169551108282,-0.32483700025475304,0,1,-0.18783683123123815,0,0
0.43286074094635973,-0.37687333563062864,-0.46638883316843865,-0.01628581010386924,0,0,-0.18783683123123815,0,0
0.43286074094635973,1.5038406262650446,-0.44585071533095727,-0.29761045498830463,0,1,-0.16562488778077009,0,0
,-0.21353955339979358,0.9059024162856927,-0.029605271097527447,0,1,-0.16562488778077009,0,0
-2.310211819657538,-0.2212393405260215,0.3313939822397816,-0.28027556825391126,0,1,-0.16562488778077009,0,1
0.43286074094635973,-0.24188132303463256,-0.22515653574145972,0.6340172854688553,0,1,-0.15822090663061408,0,0
0.43286074094635973,-0.5082611925505179,-0.034003467246194,0.057656785853571584,0,1,-0.15822090663061408,0,0
0.43286074094635973,-0.5885355689728943,0.5061938852489006,0.3431437622985252,0,1,-0.12860498202999002,0,0
0.43286074094635973,2.5005534959665496,-0.2786520727766207,-0.1336145915038879,0,1,-0.12860498202999002,0,1
0.43286074094635973,-0.3678629464403619,0.2841642461810168,-0.3194994221359709,0,1,-0.12860498202999002,0,0
0.43286074094635973,-0.45927744040706797,-0.02933171801581469,-0.2655849862756117,0,1,-0.12120100087983401,0,1
0.43286074094635973,-0.278414355569714,-0.02999463699525233,0.42448061785171004,0,1,-0.113797019729678,0,0
0.43286074094635973,-0.2096077472076772,1.3850158618980655,0.16538772036110125,0,0,-0.113797019729678,0,0
0.43286074094635973,0.672427441890433,2.101159489875603,-0.27890444726927,0,1,-0.113797019729678,0,0
0.43286074094635973,-0.3814604428547644,-0.2500511587376192,-0.28527036612653306,0,1,-0.09158507627920995,0,0
-2.310211819657538,-0.16439197599833869,-0.4521440806605472,-0.3233679420569231,0,1,-0.09158507627920995,0,1
0.43286074094635973,-0.3686820727303861,-0.45269767094530927,-0.10883647656715607,0,1,-0.09158507627920995,0,0
-2.310211819657538,0.0022183113925933404,-0.4573865457374438,0.13874879837378482,0,1,-0.09158507627920995,0,1
0.43286074094635973,-0.49482752139412034,-0.46178213135374974,-0.26068812561617855,0,1,-0.09158507627920995,0,0
0.43286074094635973,-0.1617707718702611,-0.46486967324996725,-0.2655849862756117,0,1,-0.08418109512905395,0,0
0.43286074094635973,0.24107553756366404,0.655906140492056,2.251254486853253,0,1,-0.07677711397889793,0,0
0.43286074094635973,-0.12081445736904871,-0.4631920368749936,0.013585039918673082,0,1,-0.07677711397889793,0,0
0.43286074094635973,-0.06609682119542894,-0.4534806546006529,-0.3077469565533313,0,1,-0.061969151678585896,0,1
0.43286074094635973,-0.5552790415979099,-0.4558658627212891,-0.2655849862756117,0,1,-0.04716118937827387,0,1
-2.310211819657538,-0.5903376468109477,-0.4558221386731637,-0.21167055041525257,0,1,-0.03235322707796184,0,1
0.43286074094635973,-0.4142254944557343,-0.44782762182632035,-0.32429834558221543,0,1,-0.024949245927805827,0,0
0.43286074094635973,-0.06609682119542894,-0.4557222086056553,-0.24320633306200215,0,1,-0.024949245927805827,0,0
0.43286074094635973,-0.6190070669617963,-0.4415693620408923,-0.2655849862756117,0,1,-0.024949245927805827,0,0
0.43286074094635973,-0.22992207920027855,-0.4542481843868206,-0.23635072813879573,0,1,-0.010141283627493797,0,0
0.43286074094635973,-0.5575725952099777,-0.4393231272966684,-0.2186240925516477,0,1,-0.010141283627493797,0,1
0.43286074094635973,-0.26891249060543276,-0.42073899519185387,0.15960942478297008,0,0,-0.002737302477337783,0,0
-2.310211819657538,-0.4920424920080379,-0.4437622140687559,-0.20501081991842346,0,1,-0.002737302477337783,0,1
0.43286074094635973,2.429453333992445,1.055287428419301,-0.2909507244914755,0,1,0.004666678672818231,0,1
,0.3708251419035049,-0.41911240116362997,-0.23806462936959735,0,1,0.004666678672818231,0,0
0.43286074094635973,-0.40734483361953067,-0.46609227490489985,-0.08440114187658457,0,1,0.004666678672818231,0,0
0.43286074094635973,-0.40570658103948215,-0.4606464577129322,-0.2447733284730208,0,1,0.004666678672818231,0,0
0.43286074094635973,-0.474513189401519,-0.43969049102811464,-0.1627019438209209,0,1,0.026878622123286275,0,0
,0.056116821276188854,-0.3335270533793613,-0.1572664284889501,0,1,0.026878622123286275,0,0
0.43286074094635973,-0.48008324817368386,-0.46577654789978684,-0.32429834558221543,0,1,0.0416865844235983,0,1
0.43286074094635973,-0.32838105926119315,-0.45986618591443923,-0.18253422949162523,0,1,0.0416865844235983,0,0
0.43286074094635973,-0.27628462721565095,-0.4325748386932094,-0.10736741836932615,0,1,0.04909056557375432,0,0
,-0.5480707302456964,-0.40991783193731035,0.058538220772269584,0,1,0.06389852787406634,0,0
,-0.3051178726245045,-0.4351012119649727,-0.19707790565014172,0,1,0.07130250902422236,0,0
0.43286074094635973,0.753029468828819,-0.4350708614574804,-0.3194994221359709,0,1,0.07130250902422236,0,1
0.43286074094635973,-0.4920424920080379,-0.4149893385864472,-0.11956060141131471,0,1,0.0935144524746904,0,0
0.43286074094635973,-0.17389384096261998,-0.4507202815165345,-0.20677368975581942,0,1,0.10091843362484641,0,0
0.43286074094635973,-0.29528835714421353,-0.362584450938639,-0.32434731418880974,0,1,0.10832241477500243,0,0
,-0.3665523443763231,-0.4530211991824582,-0.29423162113329576,0,1,0.10832241477500243,0,0
0.43286074094635973,1.5721557588530668,-0.45337307189600445,-0.28027556825391126,0,1,0.11572639592515845,0,0
-2.310211819657538,0.5344865746503497,-0.43701392546529694,-0.16999826620347633,0,1,0.11572639592515845,0,1
-2.310211819657538,-0.07969431760983145,-0.44379401337648344,-0.2851724289133444,0,1,0.12313037707531446,0,0
0.43286074094635973,0.06791223985253803,-0.4442766495984422,-0.2802265996473169,0,1,0.13053435822547046,0,0
0.43286074094635973,-0.17536826828466362,-0.3174207783127911,-0.2771905460384684,0,0,0.1453423205257825,0,1
0.43286074094635973,-0.4756599662075529,-0.4627902734251411,-0.30564130646977505,0,0,0.1453423205257825,0,0
0.43286074094635973,-0.16701318012641628,-0.44127480980844846,-0.26945350619656394,0,1,0.1453423205257825,0,0
0.43286074094635973,-0.4043959789754433,-0.07379112513243422,-0.2689148515240263,0,1,0.1453423205257825,0,0
0.43286074094635973,-0.421106155291938,-0.4481600286085007,-0.3160226510677734,0,1,0.15274630167593853,0,0
0.43286074094635973,9.490977255033481,-0.45493996792479124,0.16230269814565837,0,1,0.16755426397625053,0,0
0.43286074094635973,0.7256706507420091,-0.44810177940929874,-0.32184991525249884,0,1,0.18236222627656257,0,0
0.43286074094635973,0.016307283581010405,-0.45160133780318745,-0.3194994221359709,0,1,0.18236222627656257,0,0
0.43286074094635973,-0.025140506694216542,-0.4264012408497337,-0.3146025614765377,0,1,0.18236222627656257,0,0
0.43286074094635973,-0.4756599662075529,-0.010962379833057263,-0.23644866535198442,0,1,0.1897662074267186,0,0
-2.310211819657538,-0.5854228890708022,-0.44228272898749593,-0.2802265996473169,0,1,0.1971701885768746,0,1
0.43286074094635973,-0.2037100379195026,-0.4581443797066524,-0.2641648966843761,0,1,0.2045741697270306,0,0
0.43286074094635973,-0.45157765328084004,-0.4681634648617262,-0.3000099167114269,0,1,0.21197815087718663,0,1
0.43286074094635973,-0.49564664768414457,-0.44516506133244343,-0.1734750372716739,0,1,0.21938213202734264,0,1
0.43286074094635973,-0.13916288626559187,-0.45886439627484854,0.25842807289033143,0,1,0.21938213202734264,0,0
0.43286074094635973,-0.36540556757028914,-0.44879675773753186,-0.21167055041525257,0,1,0.21938213202734264,0,0
0.43286074094635973,-0.4620624697931504,-0.4631341963117555,0.8054563771556105,0,1,0.22678611317749867,0,0
0.43286074094635973,-0.47582379146555775,1.471586876775717,-0.2629406815195178,0,1,0.2564020377781227,0,0
-2.310211819657538,-0.3080667272685918,-0.4552453675846376,-0.23884812707510664,0,1,0.2564020377781227,0,1
0.43286074094635973,-0.3801498407907256,-0.45479675959384525,-0.3194994221359709,0,0,0.2638060189282787,0,0
,0.15228224772503557,-0.4582566431505224,-0.2616674977480652,0,1,0.27121000007843477,0,0
0.43286074094635973,-0.4551818089569467,-0.4540855472732325,-0.2304255267408816,0,0,0.27861398122859077,0,0
0.43286074094635973,0.6028017072383719,-0.3987881113813821,-0.28027556825391126,0,0,0.27861398122859077,0,0
0.43286074094635973,0.5482478963227571,-0.44381797430345105,-0.057664282676079474,0,1,0.27861398122859077,0,1
0.43286074094635973,-0.4484649733787479,-0.36854318056260965,-0.32434731418880974,0,1,0.27861398122859077,0,0
-2.310211819657538,0.015815807806995857,-0.2687611507192807,-0.19942839876666965,0,0,0.28601796237874677,0,1
0.43286074094635973,-0.48827451107392633,-0.17013236586321215,0.15559399904223492,0,1,0.28601796237874677,0,0
0.43286074094635973,-0.2605574024471854,0.3155598215763709,-0.3024583470411435,0,0,0.28601796237874677,0,0
0.43286074094635973,0.47993276373473476,-0.09455484717065112,-0.3194994221359709,0,1,0.2934219435289028,0,0
0.43286074094635973,-0.2504002364508847,1.2904300098215529,-0.08440114187658457,0,1,0.30822990582921483,0,1
-2.310211819657538,-0.3937473372051281,5.245657921146643,-0.2075571874613287,0,1,0.32303786812952684,0,1
0.43286074094635973,-0.03873800310861906,8.527293355957369,-0.26514426881626274,0,1,0.32303786812952684,0,0
0.43286074094635973,-0.11147641766277228,4.545294105249332,-0.28497655448696707,0,1,0.32303786812952684,0,1
0.43286074094635973,-0.06609682119542894,0.6994072962735903,-0.32429834558221543,0,1,0.32303786812952684,0,0
0.43286074094635973,-0.10705313569664134,4.944802107474076,-0.27851269841651527,0,0,0.33044184927968284,0,0
,-0.39161760885106506,0.2014869748074143,-0.2562319824160944,0,0,0.33044184927968284,0,0
0.43286074094635973,0.23239279888940703,1.1847017694742348,0.42688007957483237,0,1,0.33044184927968284,0,0
0.43286074094635973,0.13311469253846817,3.7040091681927536,0.26998466404659366,0,1,0.33784583042983884,0,1
0.43286074094635973,-0.4756599662075529,-0.4648602374740761,-0.31803036393814094,0,1,0.33784583042983884,0,1
-2.310211819657538,-0.04578248920282759,0.1864990249275626,-0.29716973752895565,0,1,0.3452498115799949,0,1
0.43286074094635973,0.15097164566099677,0.1303425990911037,-0.31646336852712237,0,1,0.3526537927301509,0,0
0.43286074094635973,2.3470492292160055,-0.06570607684524962,-0.297512517775116,0,1,0.3526537927301509,0,1
0.43286074094635973,1.6964991296787477,-0.18830032081326958,-0.0699064343246624,0,1,0.3600577738803069,0,0
0.43286074094635973,-0.03578914846453177,-0.26224790209244836,-0.32483700025475304,0,1,0.3674617550304629,0,0
0.43286074094635973,0.6421197691595358,1.160177593553612,-0.2998630108916439,0,1,0.3674617550304629,0,0
-2.310211819657538,-0.38359017120882744,2.9815260361704423,0.6912126179710346,0,1,0.37486573618061897,0,1
0.43286074094635973,-0.4324100980942726,5.024889184068116,-0.16999826620347633,0,1,0.38226971733077497,0,0
0.43286074094635973,-0.09607684341031641,8.987565748889875,-0.29731664334873864,0,1,0.38226971733077497,0,0
0.43286074094635973,0.5482478963227571,7.1880994277954295,-0.24105171437185158,0,1,0.38226971733077497,0,0
,-0.17913624921877516,3.1849411926260194,-0.3194994221359709,0,1,0.389673698480931,0,0
0.43286074094635973,-0.3824433944027935,1.8922707661312448,0.015201003936286019,0,1,0.397077679631087,0,1
0.43286074094635973,-0.002041145315532749,2.682511796191776,-0.3160226510677734,0,1,0.41928962308155504,0,0
0.43286074094635973,-0.3391935262895132,2.2771499723395836,-0.2347347641211828,0,1,0.42669360423171104,0,0
0.43286074094635973,0.08806274658713453,0.7365367029179354,-0.2851724289133444,0,1,0.42669360423171104,0,0
0.43286074094635973,0.09772843680942066,3.182649673587263,0.20529713473548158,0,0,0.43409758538186705,0,0
0.43286074094635973,0.2889125129010801,3.082319105685633,-0.32919520624164855,0,1,0.4489055476821791,0,0
0.43286074094635973,-0.13719698316953366,0.19734266316011445,-0.1969799684369531,0,1,0.4489055476821791,0,1
0.43286074094635973,-0.28447589011589347,-0.44832578621490304,-0.31940148492278225,0,1,0.4489055476821791,0,0
0.43286074094635973,-0.5008890559402998,-0.4661506355502737,-0.2721957481658465,0,1,0.4489055476821791,0,0
-2.310211819657538,-0.39210908462507965,-0.43700348667385835,0.13355812607478565,0,1,0.4563095288323351,0,1
0.43286074094635973,-0.5030187842943628,0.9173407312917297,-0.31788345811835794,0,1,0.4563095288323351,0,0
0.43286074094635973,0.01384990471093766,0.06354417829586094,-0.2905589756387209,0,1,0.4637135099824911,0,0
0.43286074094635973,0.6165630289107793,0.38010937006798723,-0.32429834558221543,0,1,0.4637135099824911,0,0
0.43286074094635973,0.6717721408584136,-0.33518708125916796,-0.2704818469350449,0,1,0.4637135099824911,0,0
,-0.4620624697931504,0.3968327968860507,1.150146398973111,0,1,0.4637135099824911,0,0
0.43286074094635973,-0.5587193720160116,-0.22370205175143887,-0.18082032826082364,0,0,0.4637135099824911,0,0
0.43286074094635973,-0.3773648114046432,0.25024036578025227,-0.2851724289133444,0,1,0.4711174911326471,0,0
,-0.34853156599578966,-0.24255989565454397,0.4543024992676581,0,1,0.4859254534329592,0,0
-2.310211819657538,-0.3642587907642552,-0.23703027094127568,1.536263861969416,0,1,0.4933294345831152,0,1
0.43286074094635973,-0.3883411036909681,0.8303096294675756,0.4395139800761699,0,1,0.4933294345831152,0,0
0.43286074094635973,-0.2459769544847538,0.0341518478411722,-0.29716973752895565,0,1,0.4933294345831152,0,0
-2.310211819657538,-0.6394852242124025,0.9431475040565139,0.03547400706633933,0,1,0.5007334157332712,0,1
-2.310211819657538,-0.4119319408436664,1.0868132472409322,-0.179840956128937,0,0,0.5081373968834272,0,1
0.43286074094635973,-0.4338845254163163,0.6868524392195862,0.08703794981017057,0,0,0.5081373968834272,0,1
0.43286074094635973,-0.4756599662075529,0.09558911338639973,0.0006573277777695198,0,0,0.5081373968834272,0,0
0.43286074094635973,-0.5636341297561571,0.38106840152627597,0.16538772036110125,0,1,0.5081373968834272,0,0
0.43286074094635973,0.3338006335944089,0.35031312153745514,-0.307404176307171,0,1,0.5229453591837392,0,1
0.43286074094635973,-0.14030966307162582,0.2107467028955962,-0.21225817369438457,0,1,0.5229453591837392,0,0
0.43286074094635973,-0.5302137771231679,0.3928499335931715,-0.3047109029444827,0,1,0.5303493403338952,0,0
0.43286074094635973,-0.5226778152549447,-0.3271307117868965,0.02827562189697258,0,1,0.5377533214840513,0,0
-2.310211819657538,0.4745265302205747,-0.14493063436590325,-0.16598284046274114,0,1,0.5377533214840513,0,1
-2.310211819657538,12.38462278717314,-0.044055391873266826,-0.2956027421179371,0,1,0.5599652649345193,0,1
0.43286074094635973,-0.25171083851492354,-0.19663493422815728,-0.06109208513768271,0,1,0.5599652649345193,0,1
,0.13966770285866215,2.372473783817975,-0.29883467015316295,0,1,0.5599652649345193,0,0
-2.310211819657538,0.11345566157788621,-0.07163594191068727,-0.2689148515240263,0,1,0.5599652649345193,0,1
0.43286074094635973,-0.5161248049347508,-0.4452038074515554,-0.26068812561617855,0,1,0.5673692460846753,0,0
-2.310211819657538,-0.5331626317672551,-0.37592492920738946,-0.15290822250205457,0,1,0.5673692460846753,0,1
0.43286074094635973,-0.3945664634951524,-0.26113232591130453,-0.31984220238213124,0,1,0.5821772083849873,0,0
0.43286074094635973,-0.45927744040706797,-0.23357491952892415,0.1115222531073364,0,0,0.5969851706852993,0,1
0.43286074094635973,-0.6231026984119176,-0.07996312558077881,-0.28027556825391126,0,1,0.5969851706852993,0,1
0.43286074094635973,-0.717302221764706,0.10412752470104619,-0.3147494672963207,0,1,0.6043891518354554,0,0
0.43286074094635973,-0.35344632373593515,0.4874548429650861,0.1115222531073364,0,1,0.6043891518354554,0,0
0.43286074094635973,0.06971431769059137,0.27840329636351996,-0.3194994221359709,0,1,0.6117931329856114,0,0
-2.310211819657538,-0.439618409446486,-0.2695891586280891,1.5298000058989645,0,1,0.6191971141357674,0,1
0.43286074094635973,-0.5870611416508507,0.7730778595180442,-0.07015127735763407,0,1,0.6340050764360794,0,0
-2.310211819657538,0.30251000931548266,0.3759608606148777,-0.2803735054670999,0,1,0.6340050764360794,0,1
0.43286074094635973,1.5524967278924848,0.030815483791731102,-0.03538356667565858,0,1,0.6414090575862355,0,0
0.43286074094635973,-0.4484649733787479,-0.4587401709418567,-0.32429834558221543,0,1,0.6488130387363915,0,0
0.43286074094635973,-0.13064397284933968,0.032862489929245946,-0.25770104061392435,0,1,0.6488130387363915,0,1
0.43286074094635973,0.08707979503910543,-0.37535399046852835,-0.2909996930980699,0,1,0.6562170198865475,0,0
0.43286074094635973,-0.4068533578455161,0.07896985159037859,-0.2210235542747699,0,0,0.6562170198865475,0,0
0.43286074094635973,-0.44010988522050054,0.33985204086445764,0.760356290482231,0,1,0.6562170198865475,0,0
0.43286074094635973,0.527605913814146,0.8513134808576046,-0.2728813086581672,0,1,0.6636210010367035,0,0
-2.310211819657538,0.17964106581184544,-0.42273180134108074,-0.28718014178371204,0,1,0.6636210010367035,0,1
0.43286074094635973,1.2241909108507665,0.8298095333453459,0.3593034024746546,0,1,0.6710249821868595,0,0
0.43286074094635973,-0.48794686055791664,0.5908668975209246,2.087111717549053,0,1,0.6710249821868595,0,0
0.43286074094635973,-0.2708783937014909,0.025344851252144404,-0.16632562070890147,0,1,0.6710249821868595,0,0
0.43286074094635973,0.7607292559550469,0.3295853223153276,-0.25535054749739644,0,1,0.6784289633370155,0,0
0.43286074094635973,-0.5696956643023365,-0.2642847666283165,0.003791318599806749,0,1,0.6784289633370155,0,0
0.43286074094635973,-0.5226778152549447,-0.235002284950439,-0.2730771830845445,0,1,0.6932369256373275,0,0
-2.310211819657538,0.8211807761588364,-0.24139264559834275,0.013536071312078726,0,1,0.6932369256373275,0,1
0.43286074094635973,0.2848168814509589,0.01960841959247486,-0.2313069616595796,0,1,0.7080448879376395,0,0
0.43286074094635973,-0.2856226669219274,-0.42827494818987805,-0.29153834777060755,0,1,0.7080448879376395,0,0
0.43286074094635973,0.4091602522766397,-0.4609267819840915,-0.2802265996473169,0,1,0.7154488690877956,0,0
0.43286074094635973,-0.11409762179084987,0.6955825379499735,-0.32042982566126316,0,1,0.7450647936884196,0,0
0.43286074094635973,5.294101795465245,-0.41919007914547385,-0.28027556825391126,0,1,0.7450647936884196,0,0
,0.31610750572988516,-0.3679982459305351,-0.18444400514880416,0,1,0.7450647936884196,0,0
0.43286074094635973,-0.3174047669748682,0.0067751328522344684,-0.32542462353388507,0,1,0.7524687748385757,0,0
0.43286074094635973,-0.1231080109811166,0.2633849216787279,-0.07455845195112391,0,1,0.7524687748385757,0,0
0.43286074094635973,-0.3054455231405142,0.06774339575720432,-0.32483700025475304,0,1,0.7598727559887317,0,1
-2.310211819657538,-0.3380467494834793,-0.438969471444371,-0.2447733284730208,0,1,0.7672767371388877,0,1
,-0.4315909718042484,-0.011245564555963,-0.14943145143385703,0,1,0.7820846994391997,0,1
-2.310211819657538,-0.5069505904864792,-0.07242568663379538,-0.31695305459306566,0,0,0.7894886805893557,0,1
,-0.5644532560461814,-0.19019289970519615,-0.05614625587165522,0,1,0.8042966428896677,0,0
-2.310211819657538,-0.2384409926165307,-0.021902604747959343,-0.17063485808920262,0,1,0.8042966428896677,0,1
-2.310211819657538,-0.47844499559363535,-0.4471477630287475,-0.32483700025475304,0,0,0.8117006240398238,0,0
0.43286074094635973,0.27547884174468246,0.11438629342324418,-0.27366480636367646,0,1,0.8191046051899797,0,0
0.43286074094635973,-0.2530214405789623,0.13572310882631317,0.038069343215838915,0,1,0.8265085863401358,0,0
0.43286074094635973,-0.1806106765408188,-0.05908346237501782,0.7285266961959154,0,1,0.8265085863401358,0,0
0.43286074094635973,-0.2777590545376946,0.06109674606255681,-0.3241514397624324,0,1,0.8413165486404478,0,1
0.43286074094635973,-0.17192793786656177,-0.4428704960983204,-0.30569027507636937,0,1,0.8413165486404478,0,0
0.43286074094635973,0.4800965889927396,0.11507595948394805,-0.29139144195082456,0,1,0.8487205297906039,0,1
,-0.5439750987955752,0.3619185686526816,-0.31940148492278225,0,1,0.8709324732410719,0,0
0.43286074094635973,0.38278438573785895,0.07504118828578742,0.15069713838280174,0,0,0.8709324732410719,0,0
0.43286074094635973,-0.39128995833505537,0.05572426045172743,-0.09904275524828975,0,0,0.8783364543912279,0,0
0.43286074094635973,-0.03480619691650267,0.3587844422565922,-0.32434731418880974,0,1,0.8783364543912279,0,0
-2.310211819657538,-0.2027270863714735,-0.15286924238315544,-0.22146427173411892,0,1,0.8857404355413839,0,1
0.43286074094635973,0.09772843680942066,1.867050868907909,-0.022504823141349342,0,1,0.8857404355413839,0,0
-2.310211819657538,-0.4024300758793852,-0.17402362040275454,0.6385713658821282,0,1,0.89314441669154,0,1
0.43286074094635973,1.8493480953972723,-0.25380418287522905,0.04213373756316843,0,1,0.9005483978416959,0,0
0.43286074094635973,-0.8508198070386584,-0.1897844494850271,1.9072500255280727,0,1,0.907952378991852,0,0
0.43286074094635973,-0.17536826828466362,0.45345963701427855,-0.2998140422850496,0,1,0.922760341292164,0,1
0.43286074094635973,-0.3200259711029458,-0.39852955626247566,-0.3047109029444827,0,1,0.922760341292164,0,0
-2.310211819657538,-0.4505947017328109,1.030087591506915,-0.2753787075944781,0,1,0.922760341292164,0,1
0.43286074094635973,-0.11671882591892746,0.40653296024574914,0.6699112741025004,0,1,0.9301643224423201,0,0
,-0.4756599662075529,-0.34847610854520505,-0.3096567322105102,0,1,0.937568303592476,0,0
0.43286074094635973,0.021058216063151045,0.8143623880883675,-0.2655849862756117,0,1,0.9597802470429441,0,0
0.43286074094635973,1.8219892773104625,0.8520778158535097,-0.26068812561617855,0,1,0.9671842281931001,0,0
0.43286074094635973,0.21240611741281537,-0.0859069214177092,-0.316120588280962,0,1,0.9671842281931001,0,0
-2.310211819657538,-0.414553144971744,-0.06436734827915302,-0.26617260955474376,0,1,0.9745882093432561,0,1
0.43286074094635973,1.845252463947151,0.49639000265184763,2.6665082707731855,0,1,0.9745882093432561,0,0
0.43286074094635973,-0.4024300758793852,0.4010699803433025,-0.31788345811835794,0,1,0.9819921904934121,0,1
0.43286074094635973,-0.17258323889858118,0.5467356622319514,-0.2734689319372991,0,1,0.9819921904934121,0,0
0.43286074094635973,-0.3781839376946674,0.22552260785896544,-0.21225817369438457,0,0,0.9819921904934121,0,0
0.43286074094635973,-0.5439750987955752,0.24900836549815256,-0.316414399920528,0,1,0.9893961716435681,0,0
0.43286074094635973,0.8894959087468587,0.09916085175098313,-0.23302086289038118,0,1,0.9893961716435681,0,0
0.43286074094635973,0.47993276373473476,-0.12880611927585853,-0.22890749993645731,0,1,0.9968001527937241,0,0
0.43286074094635973,-0.5644532560461814,0.5634590890500148,0.1892354317725408,0,1,0.9968001527937241,0,0
-2.310211819657538,-0.3041349210764754,-0.43631838990620414,-0.25574229635015105,0,1,0.9968001527937241,0,1
0.43286074094635973,2.1181853437832308,-0.4607605414442773,-0.3255225607470737,0,1,1.00420413394388,0,1
0.43286074094635973,-0.13441195378345122,0.35500125335511,-0.24384292494772847,0,1,1.0116081150940361,0,0
0.43286074094635973,-0.4863086079778681,0.29706622091189766,-0.12528992838285152,0,1,1.0116081150940361,0,1
,-0.4430587398645879,-0.38540576650070524,-0.32287825599097975,0,0,1.0190120962441922,0,0
,-0.011543010279814025,-0.19659076439534406,-0.32483700025475304,0,1,1.0264160773943483,0,0
0.43286074094635973,-0.28054408392377705,0.410926874169476,0.057656785853571584,0,1,1.0412240396946602,0,0
0.43286074094635973,1.9428923177180415,-0.4452153235559894,-0.1435062500359429,0,1,1.0486280208448162,0,0
-2.310211819657538,-0.2959436581762329,-0.09633460538784798,0.03424979190148104,0,1,1.0634359831451283,0,1
0.43286074094635973,-0.34034030309554714,0.12710958279177742,-0.325865340993234,0,1,1.0634359831451283,0,0
0.43286074094635973,-0.45927744040706797,0.6060511041095666,-0.28027556825391126,0,1,1.0708399642952844,0,0
,-0.12753129294724755,-0.23382021255336946,0.14810180223330216,0,1,1.0708399642952844,0,0
0.43286074094635973,-0.41094898929563733,0.2622492108891865,-0.32287825599097975,0,1,1.0782439454454402,0,0
-2.310211819657538,0.1440909848247931,-0.44670818217788244,-0.3194994221359709,0,1,1.0856479265955963,0,1
0.43286074094635973,-0.7795558198065489,-0.46623503745115813,-0.3194994221359709,0,1,1.0856479265955963,0,0
0.43286074094635973,-0.36769912118235704,-0.44650237824702876,-0.32429834558221543,0,1,1.0930519077457523,0,0
0.43286074094635973,-0.08821323102608364,-0.4321682830579634,-0.16941064292434432,0,1,1.0930519077457523,0,0
,-0.22173081630003605,-0.4185954023719889,-0.3194994221359709,0,1,1.0930519077457523,0,1
0.43286074094635973,-0.26039357718918055,-0.45091609244063735,-0.30573924368296373,0,1,1.1004558888959084,0,0
0.43286074094635973,-0.31019645562265485,-0.4445589799006964,-0.2788065100560813,0,1,1.1226678323463763,0,0
,2.5277484887953547,-0.45516716952065794,-0.32042982566126316,0,1,1.1226678323463763,0,0
0.43286074094635973,-0.2982372117883008,-0.46623990393399956,-0.18630481219938877,0,1,1.1374757946466885,0,1
0.43286074094635973,-0.4791002966256548,-0.4542397144777529,-0.2660746723415551,0,1,1.1448797757968445,0,0
0.43286074094635973,1.2874274604406384,1.0936636948353382,-0.307404176307171,0,1,1.1448797757968445,0,0
0.43286074094635973,-0.29577983291822807,-0.45220418729594813,-0.2734199633307048,0,1,1.1448797757968445,0,1
0.43286074094635973,0.10837707857973587,0.0805128238409216,-0.1292563855169924,0,1,1.1522837569470004,0,0
0.43286074094635973,-0.3473847891897557,-0.46799856167597537,0.08826216497502887,0,1,1.1596877380971564,0,0
0.43286074094635973,-0.5362753116693473,-0.46834400766027295,3.9855756266046973,0,1,1.1670917192473125,0,1
0.43286074094635973,0.06742076407852347,-0.44650572163218705,-0.32919520624164855,0,1,1.1744957003974685,0,1
0.43286074094635973,-0.3174047669748682,0.07360557584754883,-0.28027556825391126,0,0,1.1744957003974685,0,0
0.43286074094635973,-0.5524940122118274,-0.4417896539740986,-0.10697566951657146,0,1,1.1893036626977804,0,0
-2.310211819657538,-0.3816242681127693,-0.44782550434905344,-0.24110068297844592,0,0,1.1967076438479365,0,1
0.43286074094635973,-0.11802942798296626,-0.4468163221133906,-0.25084543569071793,0,0,1.1967076438479365,0,1
0.43286074094635973,-0.3282172340031883,-0.45916868147297546,2.169281039414342,0,1,1.2041116249980925,0,1
0.43286074094635973,-0.5261181456730466,-0.4475520154431067,-0.32429834558221543,0,1,1.2189195872984047,0,0
0.43286074094635973,-0.4756599662075529,-0.46315106183244276,2.4881156369500355,0,1,1.2189195872984047,0,0
0.43286074094635973,0.044812878473854234,-0.4527615667505563,-0.2802265996473169,0,1,1.2263235684485605,0,0
0.43286074094635973,0.41686003940286764,0.5584556760119348,-0.2655849862756117,0,1,1.2337275495987166,0,0
0.43286074094635973,-0.11852090375698081,-0.43582602071856236,-0.28027556825391126,0,1,1.2337275495987166,0,1
0.43286074094635973,1.9817189038651908,-0.42150515047523424,-0.2854662405529104,0,1,1.2411315307488726,0,0
0.43286074094635973,-0.2667827622513697,-0.11328289343216728,-0.18253422949162523,0,1,1.2411315307488726,0,0
-2.310211819657538,-0.019406622664046805,0.2570076002329414,-0.19355216597534985,0,1,1.2559394930491847,0,0
0.43286074094635973,-0.44633524502468486,-0.4460886529080544,0.07376745742310672,0,1,1.2633434741993406,0,0
0.43286074094635973,0.2260036138272179,-0.4154123139576928,-0.01560024961154856,0,1,1.2707474553494966,0,0
,-0.717302221764706,-0.4644094748572929,-0.32429834558221543,0,0,1.2781514364996527,0,0
0.43286074094635973,-0.1838871817009158,-0.4567480706183855,-0.32160507221952717,0,1,1.2781514364996527,0,0
-2.310211819657538,-0.2974180854982766,-0.4578588917628598,-0.2548118928248588,0,0,1.3151713422504328,0,1
,0.957811041334881,-0.4571907348133409,-0.32914623763505424,0,1,1.3373832857009007,0,1
0.43286074094635973,2.0906627004384157,-0.46529331729824447,-0.32919520624164855,0,1,1.3447872668510568,0,0
0.43286074094635973,-0.46746870330731044,-0.45560730760238266,1.6877237621656842,0,1,1.3447872668510568,0,0
0.43286074094635973,0.11951719612406565,-0.38857548137436826,-0.07259970768735066,0,1,1.3447872668510568,0,0
0.43286074094635973,-0.29266715301613594,-0.4595468183343761,-0.25574229635015105,0,1,1.3447872668510568,0,0
0.43286074094635973,-0.40734483361953067,-0.44957688094112896,-0.32434731418880974,0,1,1.3521912480012128,0,1
0.43286074094635973,0.16604356939744294,-0.4677884856418638,-0.1963433765512268,0,0,1.3595952291513689,0,0
0.43286074094635973,-0.13031632233333,-0.4000689993842406,-0.3194994221359709,0,1,1.366999210301525,0,0
-2.310211819657538,-0.5349647096053085,-0.4362754459812823,-0.32919520624164855,0,1,1.366999210301525,1,1
0.43286074094635973,-0.2869332689859662,-0.4501863800554822,-0.10060975065930836,0,1,1.366999210301525,0,0
0.43286074094635973,-0.5184183585468186,-0.4483807291776707,0.38697066520045204,0,1,1.3744031914516808,0,0
,-0.3909623078190457,-0.4401436683119566,-0.2934481234277865,0,1,1.3818071726018368,0,0
0.43286074094635973,-0.4317547970622532,-0.45391187698862223,-0.32542462353388507,0,1,1.3892111537519929,0,0
0.43286074094635973,-0.33509789483939195,-0.45703920516822316,0.023378761237539417,0,1,1.3892111537519929,0,1
0.43286074094635973,-0.47140050949942686,-0.27643028189277613,-0.05453029185404225,0,1,1.396615134902149,0,0
-2.310211819657538,-0.06609682119542894,-0.41853611300851556,-0.13444705781599153,0,1,1.396615134902149,0,1
0.43286074094635973,-0.4289697676761708,-0.395893445660073,-0.32483700025475304,0,1,1.396615134902149,0,0
-2.310211819657538,0.20142982512649044,-0.43229462586822215,0.8249948511867488,0,1,1.404019116052305,0,1
0.43286074094635973,-0.47697056827159173,-0.43223321902748185,-0.2802265996473169,0,1,1.404019116052305,0,0
0.43286074094635973,-0.3391935262895132,1.6225555761613515,-0.13332077986432192,0,1,1.418827078352617,0,0
-2.310211819657538,-0.483195928075776,-0.44977807843020906,-0.0476257183242415,0,1,1.418827078352617,0,1
-2.310211819657538,-0.2965989592082523,-0.457939838832414,-0.18228938645865359,0,0,1.418827078352617,0,1
0.43286074094635973,0.010573399550840669,-0.43686711370812475,-0.18233835506524793,0,1,1.426231059502773,0,0
,-0.44830114812074306,-0.46824738382919884,-0.32429834558221543,0,1,1.426231059502773,0,0
0.43286074094635973,0.7758011796914931,0.3764915301369437,-0.21157261320206394,0,1,1.433635040652929,0,0
0.43286074094635973,-0.24843433335482654,-0.44986322330557305,-0.287033235963929,0,1,1.448443002953241,0,0
0.43286074094635973,-0.20043353275940562,-0.09488569370642422,-0.18233835506524793,0,0,1.448443002953241,0,0
0.43286074094635973,-0.28316528805185465,-0.4337343618148226,-0.32483700025475304,0,1,1.448443002953241,0,0
0.43286074094635973,2.306748215746812,-0.466337865119137,-0.276847765792308,0,1,1.4780589275538651,0,0
0.43286074094635973,0.08511389194304723,-0.451726120367039,-0.268425165458083,0,1,1.4780589275538651,0,0
0.43286074094635973,0.06496338520845074,-0.4574223199586373,-0.32429834558221543,0,1,1.4780589275538651,0,0
-2.310211819657538,0.5562753339649946,-0.4341234204010737,-0.03087845486898006,0,1,1.485462908704021,0,1
,-0.15341568371201378,-0.46406659213495,-0.11696526526181512,0,0,1.492866889854177,0,0
0.43286074094635973,-0.3391935262895132,-0.46373574559917685,-0.3108319787687742,0,1,1.492866889854177,0,0
-2.310211819657538,-0.3282172340031883,-0.4395953902947238,-0.3116154764742835,0,1,1.5076748521544892,0,1
0.43286074094635973,-0.49564664768414457,-0.4468987179831801,-0.24991503216542563,0,1,1.5150788333046452,0,1
-2.310211819657538,-0.3665523443763231,-0.44230390376016504,-0.3049557459774544,0,0,1.5150788333046452,0,1
0.43286074094635973,-0.32543220461710587,-0.4132253314282182,-0.2735668691504878,0,0,1.522482814454801,0,0
-2.310211819657538,-0.04709309126686639,-0.4562409533873234,-0.26563395488220604,0,1,1.522482814454801,0,1
0.43286074094635973,1.8450886386891463,-0.38580775284290164,2.3110451555049316,0,1,1.522482814454801,0,0
0.43286074094635973,0.11820659406002686,-0.40724438686730696,0.8801335022119663,0,1,1.522482814454801,0,1
0.43286074094635973,0.16424149155938958,-0.4661940624086073,-0.2802265996473169,0,1,1.522482814454801,0,1
0.43286074094635973,-0.36769912118235704,-0.46092028095739485,-0.32919520624164855,0,0,1.5446947579052692,0,0
-2.310211819657538,-0.37949453975870623,-0.4659422312087413,-0.31788345811835794,0,1,1.5446947579052692,0,1
0.43286074094635973,-0.3562313531220176,-0.45658974275677927,-0.18228938645865359,0,1,1.5446947579052692,0,0
0.43286074094635973,-0.5932865014550349,-0.4243918663696114,0.1709211729062607,0,1,1.5595027202055811,0,0
0.43286074094635973,-0.3639311402482455,-0.43329909021593943,-0.2213173659143359,0,1,1.5595027202055811,0,0
0.43286074094635973,0.18619407613203942,-0.445783587586724,-0.16137979144287395,0,1,1.5669067013557372,0,0
0.43286074094635973,-0.584439937522773,-0.42420983762210546,-0.30319287614005846,0,1,1.5669067013557372,0,1
0.43286074094635973,-0.3665523443763231,-0.4528335238289071,-0.2066267839360364,0,1,1.5743106825058932,0,0
,-0.5772316261705597,-0.34729273594279614,-0.2518248078226046,0,1,1.5891186448062053,0,1
-2.310211819657538,-0.4286421171601611,-0.46624904252009886,-0.31940148492278225,0,1,1.6039266071065172,0,1
0.43286074094635973,-0.1835595311849061,-0.4515716931214508,-0.28762085924306097,0,1,1.6039266071065172,0,1
0.43286074094635973,-0.5089164935825374,-0.44605629636946714,-0.31122372762152883,0,1,1.6113305882566733,0,0
0.43286074094635973,-0.5305414276391776,-0.4471242478864676,-0.32542462353388507,0,1,1.6113305882566733,0,0
0.43286074094635973,-0.10705313569664134,-0.4345581347690972,-0.2838013079287031,0,1,1.6261385505569854,0,0
-2.310211819657538,-0.4386354578984569,-0.42340709084560396,-0.08435217326999024,0,1,1.6261385505569854,0,1
0.43286074094635973,-0.3937473372051281,-0.4374370122827144,-0.3182752069711126,0,1,1.6335425317071413,0,0
0.43286074094635973,0.09772843680942066,-0.43283636571003437,0.05266198798094977,0,1,1.6335425317071413,0,1
0.43286074094635973,0.6476898279317007,-0.460271329898174,-0.10016903319995936,0,0,1.6409465128572973,0,0
0.43286074094635973,-0.2530214405789623,-0.4502364936841323,1.624994977118345,0,1,1.6483504940074534,0,0
0.43286074094635973,1.7556400478184984,-0.22555599597042542,-0.24110068297844592,0,1,1.6631584563077655,0,0
0.43286074094635973,-0.2572808972870884,-0.10242212963786015,-0.015796124037925918,0,1,1.6631584563077655,0,0
0.43286074094635973,0.16047351062527804,-0.4126342952296835,-0.2704818469350449,0,1,1.6779664186080774,0,1
-2.310211819657538,-0.39587706555919117,0.13188259944372846,-0.27924722751543024,0,1,1.6853703997582334,0,1
0.43286074094635973,0.7469679342826396,-0.29199537434839373,0.0412523026444705,0,1,1.6927743809083895,0,0
0.43286074094635973,0.061686880048353744,-0.43298124573355956,-0.08445011048317892,0,1,1.7075823432087014,0,0
,-0.8170718038896595,1.0702832538286366,0.1257721176262869,0,1,1.7149863243588575,0,1
0.43286074094635973,-0.4111128145536422,-0.13671942901207984,-0.2819405008781185,0,0,1.7223903055090135,0,0
0.43286074094635973,0.04907233518198032,0.255468974383104,-0.3194994221359709,0,1,1.7297942866591696,0,0
0.43286074094635973,-0.2830014627938498,-0.3776557254063796,0.2656754266662925,0,0,1.7446022489594817,0,0
0.43286074094635973,1.0806799848385182,0.3400500064145514,-0.3158757452479904,0,1,1.7446022489594817,0,0
0.43286074094635973,-0.4920424920080379,-0.4348756077642372,-0.2655360176690174,0,1,1.7520062301096375,0,1
0.43286074094635973,-0.3282172340031883,0.7827124553799164,-0.31455359286994344,0,1,1.7594102112597936,0,0
0.43286074094635973,-0.23205180755434157,-0.30020984878992746,-0.29496615023221073,0,1,1.7594102112597936,0,0
0.43286074094635973,-0.355739877348003,0.3859384506452649,-0.08053262195563238,0,1,1.7668141924099496,0,0
0.43286074094635973,-0.4101298630056131,0.10567833533234931,-0.26313655594589513,0,1,1.7668141924099496,0,0
0.43286074094635973,-0.21255660185176448,0.6984075126650946,0.057656785853571584,0,1,1.7668141924099496,0,0
0.43286074094635973,0.437174371395469,0.29821140462605433,-0.3152391533622641,0,1,1.7668141924099496,0,0
0.43286074094635973,0.35706382023109756,0.12208696386339933,-0.26068812561617855,0,1,1.7816221547102618,0,0
-2.310211819657538,-0.13441195378345122,0.2307219061185963,-0.059867869972824415,0,1,1.7890261358604176,0,1
